Node_Label,Information_Bits
0,4.160964047443681
1,2.3
2,2.092481250360578
29,2.092481250360578
7,3.5
