Node_Label,Information_Bits
27,4.160964047443681
26,2.092481250360578
28,2.092481250360578
25,3.5
15,1.8
