Node_Label,Information_Bits
26,3.792481250360578
20,2.3
15,2.3
16,2.3
23,3.792481250360578
27,4.160964047443681
29,2.3
25,2.3
1,3.792481250360578
7,3.5
