Node_Label,Information_Bits
16,4.160964047443681
15,2.592481250360578
14,2.460964047443681
13,2.3
12,2.3
11,3.792481250360578
17,3.160964047443681
18,3.5
7,2.5
1,3.5
