Node_Label,Information_Bits
16,4.160964047443681
15,2.592481250360578
13,3.792481250360578
14,4.0
20,2.092481250360578
19,2.3
17,3.0
18,2.460964047443681
3,1.8
5,2.5
