Node_Label,Information_Bits
17,3.5
22,3.792481250360578
23,2.092481250360578
14,2.792481250360578
0,3.5
