Node_Label,Information_Bits
6,3.792481250360578
7,2.092481250360578
14,3.792481250360578
22,3.792481250360578
8,2.792481250360578
