Node_Label,Information_Bits
27,3.5
3,3.792481250360578
24,2.792481250360578
0,3.792481250360578
21,3.5
