Node_Label,Information_Bits
3,4.160964047443681
2,2.092481250360578
1,2.092481250360578
5,3.5
13,3.5
